,Date,T,K,Price,Implied_vol_bis,s2k,s2k2,s2t,lv,p_bs,p_lv
0,39892,0.07123287671232877,400,370.25,0.7359340371704101,0.0026661415512084963,-8.139109281921399e-05,-0.40527347190039487,0.3968186441910409,370.24999978940264,370.2380105984289
1,39892,0.07123287671232877,450,320.55,0.8183716817188261,-0.001106041338157646,1.543906985092101e-05,-0.8601250478922008,0.9690882747319497,320.55000051113586,321.29829234199195
2,39892,0.07123287671232877,475,295.75,0.790720648264885,-0.0007200645918846208,-1.6244090080260114e-05,-1.399406047103955,1.081459730050528,295.7500007016577,298.63417185308583
3,39892,0.07123287671232877,490,280.95,0.7799196793866157,-0.0009637259430885226,-1.926212121963623e-05,-2.831776902619853,1.0969270646300289,280.94999986242783,284.98758225362405
4,39892,0.07123287671232877,500,271.1,0.7702824199557304,-0.0011563471552848848,-8.278573219298123e-06,-2.629357721447518,0.9896581466480272,271.0999999815117,273.75307376144104
5,39892,0.07123287671232877,525,246.55,0.7413737410736083,-0.001363311485767338,-3.340449306965311e-05,-2.263219246158854,0.7608221056015964,246.54999983019138,246.76008184102778
6,39892,0.07123287671232877,530,241.64999999999998,0.7345571836447716,-0.0015303339511156034,5.341357222795496e-05,-2.211750447605124,0.5319860645551655,241.65000036628265,240.4177672756624
7,39892,0.07123287671232877,540,231.85000000000002,0.7192538441336156,-0.0009961982288360538,-2.9954610729218115e-05,-2.057974960799728,2.190212801294629,231.84999984009335,291.627580145797
8,39892,0.07123287671232877,550,222.14999999999998,0.7092918618452551,-0.001295744336128235,-1.073588125705756e-05,-1.9644473848160904,1.1327155495910017,222.14999987439808,233.3187139625449
9,39892,0.07123287671232877,560,212.45,0.6963344184839727,-0.0014031031486988106,7.611039662360509e-06,-1.8293800549440078,0.7872532129459516,212.4499992404734,214.17590329113693
10,39892,0.07123287671232877,575,197.95,0.6752878712534905,-0.001288937553763403,5.2368117213255063e-05,-1.656304351416974,0.48526830023796724,197.94999964545661,195.6753105017458
11,39892,0.07123287671232877,580,193.14999999999998,0.6688431834846735,-0.0010270969676971276,-2.962917262316232e-05,-1.5946555432220664,2.3210906474577153,193.14999987364104,275.59581874730725
12,39892,0.07123287671232877,590,183.64999999999998,0.6585722138077023,-0.0013233886939287508,1.904826189280118e-05,-1.5314302398690147,0.6248870876058435,183.64999982428037,182.93438376686618
13,39892,0.07123287671232877,600,174.14999999999998,0.6453383268684147,-0.001132906075000739,-2.9432479262352398e-05,-1.4455419445136808,3.4260087589306396,174.14999971738564,334.86994217059873
14,39892,0.07123287671232877,605,169.45,0.639673796493411,-0.001280068471312501,-2.6719302964210972e-05,-1.406262040880267,3.826732361509941,169.44999999156164,357.8429496657999
15,39892,0.07123287671232877,610,164.75,0.6332734541368485,-0.001413664986133556,4.022081208228554e-05,-1.3650144319792388,0.5019029071290404,164.74999939996383,161.84512326307959
16,39892,0.07123287671232877,615,160.05,0.6262051292061808,-0.0012125609257221282,-2.8540802693370876e-05,-1.3104520821824692,3.677621596675432,160.0499990720341,344.56002376522866
17,39892,0.07123287671232877,620,155.4,0.6201423245775701,-0.0013552649391889826,-0.00014398907675742035,-1.2763437664113437,1.9905255692137618,155.40000033793126,232.39377565734753
18,39892,0.07123287671232877,625,150.75,0.6133659998816252,-0.0020752103229760843,0.00015514933884142488,-1.239712980689056,0.3034295417520915,150.75000018519256,145.43051854706653
19,39892,0.07123287671232877,630,146,0.6029899482667448,-0.00129946362876896,7.933537302018848e-05,-1.1418463523591242,0.3789854220788644,145.9999991778651,140.96107942221045
20,39892,0.07123287671232877,635,141.4,0.5964926301229,-0.0009027867636680175,-3.560507454873907e-05,-1.1018966908024361,3.0345539851444756,141.3999991488397,294.4669628644961
21,39892,0.07123287671232877,640,136.9,0.5919786963045599,-0.0010808121364117129,-3.255573141573544e-05,-1.0946365770726882,3.4334982910458627,136.90000069360315,318.84494696416675
22,39892,0.07123287671232877,645,132.4,0.5865746356225013,-0.00124359079349039,-3.007381882667915e-05,-1.0636917408660589,3.924800783404737,132.39999997923348,348.99449595199997
23,39892,0.07123287671232877,650,127.9,0.5803566816550494,-0.0013939598876237858,6.111560740470257e-05,-1.029367812770444,0.4000862246524851,127.89999973354804,122.14409657571957
24,39892,0.07123287671232877,655,123.4,0.5733868822169305,-0.001088381850600273,-3.356661608217679e-05,-0.992019873262568,3.5485962100872968,123.39999925775919,320.6244008277067
25,39892,0.07123287671232877,660,119,0.5679449729639291,-0.001256214931011157,5.045125100612055e-05,-0.9642525022847296,0.4096435104775727,118.9999996729997,113.1225977535662
26,39892,0.07123287671232877,665,114.6,0.5616638983088733,-0.0010039586759805542,-3.579580750465716e-05,-0.9326122677702998,3.4193674683591397,114.59999920741734,308.11856977074194
27,39892,0.07123287671232877,670,110.3,0.5566441049289705,-0.00118293771350384,4.1797935211649326e-05,-0.9083646223057079,0.41870198683905535,110.30000012763844,104.42309273806018
28,39892,0.07123287671232877,675,106,0.5507294163614513,-0.0009739480374455934,-3.712974611518758e-05,-0.8796982839064962,3.4514380993204745,105.9999992796836,306.50481963616124
29,39892,0.07123287671232877,680,101.8,0.5458596761742234,-0.0011595967680215313,-3.4901746773741135e-05,-0.8715376487926717,4.1335890611314445,101.7999994807999,350.4998582659671
30,39892,0.07123287671232877,685,97.6,0.5400616923341157,-0.001334105501890237,0.00010144489885570262,-0.8433808159133982,0.3047009731114257,97.60000022202973,87.33050382564124
31,39892,0.07123287671232877,690,93.4,0.5333911648246645,-0.0008268810076117239,-0.00010559095648527974,-0.7967961221226345,0.3071337619101608,93.39999931358966,82.84378886630452
32,39892,0.07123287671232877,695,89.4,0.5292567597866059,-0.0013548357900381226,9.141592161656222e-05,-0.7907218761775656,0.3095665507088959,89.40000075985972,78.45219303178374
33,39892,0.07123287671232877,700,85.3,0.5224825808364153,-0.0008977561819553115,-4.075486435891396e-05,-0.7573841316598059,3.680789167911574,85.3000006721706,313.2310797481577
34,39892,0.07123287671232877,705,81.4,0.5179937999266387,-0.0011015305037498813,-3.892382798194038e-05,-0.747593195429392,4.874117804256353,81.40000029729771,390.7279120407959
35,39892,0.07123287671232877,710,77.5,0.5124861474078893,-0.0012961496436595832,-6.637030034065015e-05,-0.7189027706083435,2.7545680178745835,77.50000066234219,243.6477832027448
36,39892,0.07123287671232877,715,73.6,0.5060053991895914,-0.001628001145362834,-7.1942086815912715e-06,-0.6850799954831589,0.635018231492814,73.59999993339034,82.59755351068117
37,39892,0.07123287671232877,720,69.65,0.49786539346277725,-0.0016639721887707903,0.0002103200384259285,-0.6245813139308533,0.21182093868554455,69.65000042372122,52.76316535045942
38,39892,0.07123287671232877,725,65.75,0.4895455325189233,-0.0006123719966411479,-0.00015404547185898565,-0.5693420191333227,0.2649165070366009,65.7499996168736,51.100959046277694
39,39892,0.07123287671232877,730,62.3,0.48648367253571756,-0.0013825993559360762,6.376679549218167e-05,-0.590086255693011,0.31801207538765724,62.300000801314184,50.52447131387589
40,39892,0.07123287671232877,735,58.65,0.4795706757560372,-0.0010637653784751678,6.722144615642919e-06,-0.5561634442190776,0.44922581276407114,58.65000001556797,56.393303737333895
41,39892,0.07123287671232877,740,55.2,0.47425184886366134,-0.0010301546553969532,-2.068141282796309e-05,-0.5273376303978797,0.6366191320324964,55.19999988191148,67.72997374620229
42,39892,0.07123287671232877,745,51.85,0.4691010755866766,-0.0011335617195367687,5.357092691659516e-05,-0.5088157547431065,0.3169779671327336,51.85000086962617,40.23438992571647
43,39892,0.07123287671232877,750,48.55,0.46343326698899273,-0.0008657070849537929,-7.367894879579228e-05,-0.4915727903896143,0.29890688266650267,48.54999951714177,35.73398100482041
44,39892,0.07123287671232877,755,45.45,0.45910473156422377,-0.0012341018289327543,7.417127823829082e-05,-0.4772268009977421,0.2808357982002717,45.44999953467044,31.315830995908925
45,39892,0.07123287671232877,760,42.3,0.45293422241956,-0.0008632454377413001,-2.0837575435583846e-06,-0.44723842883235143,0.44201956699064754,42.30000045681942,41.4184829936425
46,39892,0.07123287671232877,765,39.400000000000006,0.4486179952308535,-0.0008736642254590921,-3.1697433114063945e-06,-0.4275448653025282,0.4396576418248706,39.40000018221963,38.67048792906604
47,39892,0.07123287671232877,770,36.599999999999994,0.44424967410355803,-0.000889512942016124,-4.192548787593795e-06,-0.41580409437553745,0.4360878216942266,36.5999994644273,35.93213547410113
48,39892,0.07123287671232877,775,33.9,0.4398021093934774,-0.000910475685954093,-5.171247267721224e-06,-0.39513153434534204,0.4326270375024529,33.90000069995426,33.31172062753268
49,39892,0.07123287671232877,780,31.3,0.43524973096370695,-0.0009363319222926991,0.00011746765923499769,-0.37087068019780645,0.226627169946343,31.30000083941485,14.291961292052974
50,39892,0.07123287671232877,785,28.799999999999997,0.43056807135224345,-0.00034899362611771065,-0.00025428756101131495,-0.34830364539218783,0.1857243566787009,28.800000131944955,9.167272869267094
51,39892,0.07123287671232877,790,26.65,0.4288231032216549,-0.0016204314311742852,0.0003439320502996446,-0.36748498396735096,0.14482154341105885,26.649999310294334,4.685775451262714
52,39892,0.07123287671232877,795,24.1,0.4207209460657835,9.922882032393776e-05,-0.0002589581342697089,-0.30181743398747773,0.14914654378531356,24.100000672410772,3.8141583987966783
53,39892,0.07123287671232877,800,22.35,0.42121709016740316,-0.0011955618510246068,-6.331857304573419e-05,-0.3462920406783251,0.1534715441595683,22.350000269787074,3.110702755777112
54,39892,0.07123287671232877,805,20.200000000000003,0.41523928091228013,-0.0015121547162532778,0.0002572665713667832,-0.3100738320526283,0.157796544533823,20.19999954846412,2.543847335729126
55,39892,0.07123287671232877,810,18.049999999999997,0.40767850733101374,-0.00022582185941936173,-0.0001680869936585405,-0.2513577399614137,0.26812890286609903,18.049999302580346,8.067537113235517
56,39892,0.07123287671232877,815,16.5,0.40654939803391693,-0.0010662568277120643,-1.0071892154208664e-05,-0.2861272668609661,0.37846126119837503,16.500000037417124,14.452588640122997
57,39892,0.07123287671232877,820,14.75,0.4012181138953566,-0.0011166162884831076,0.0002616081302761919,-0.26447532183972405,0.15190579087636052,14.750000757395185,0.8638308862928881
58,39892,0.07123287671232877,825,13.1,0.39563503245294107,0.0001914243628978518,-8.184470347165408e-05,-0.279647436651456,0.14904007053208948,13.099999467819828,0.5505896594529673
59,39892,0.07123287671232877,830,12,0.39659215426743033,-0.00021779915446041854,-0.00022187607139349423,-0.30080269634502904,0.14617435018781844,12.000000055931707,0.33613555337187506
60,39892,0.07123287671232877,835,10.85,0.39550315849512824,-0.0013271795114278896,0.0002667483834385887,-0.3229989168015985,0.1433086298435474,10.850000396799118,0.19568020561291632
61,39892,0.07123287671232877,840,9.45,0.3888672609379888,6.562405765053736e-06,-0.00783825307763815,-0.2832400041662162,0.08055500098494761,9.450000277446264,0.00011191251504459945
62,39892,0.07123287671232877,845,8.55,0.38890007296681406,-0.03918470298242569,0.01543375078561306,-0.321844322516237,0.017801372126347834,8.549999921215516,2.829323374425092e-85
63,39892,0.07123287671232877,850,0.45,0.1929765580546856,0.037984050945639614,-0.007738524775385858,2.243758971279221,0.025418329111597207,0.44999943725940383,2.5711678747255377e-48
64,39892,0.07123287671232877,855,6.65,0.3828968127828837,-0.0007085729312896749,-0.0003484071222782159,-0.3184110361781239,0.06259865174240467,6.650000428119753,4.673769824774736e-10
65,39892,0.07123287671232877,860,5.8,0.3793539481264353,-0.0024506085426807545,0.0005087169796586077,-0.3083916674309555,0.09977897437321212,5.799999922326322,8.599084079571016e-05
66,39892,0.07123287671232877,865,4.65,0.36710090541303153,9.297635561228423e-05,-0.0047010333114624065,-0.1885570569158658,0.060902482330706595,4.649999305615111,9.379961624272065e-13
67,39892,0.07123287671232877,870,4.15,0.36756578719109295,-0.023412190201699747,0.009412083679354196,-0.16857231962531913,0.022025990288201076,4.149999892102272,6.121042111570849e-96
68,39892,0.07123287671232877,875,0.6,0.2505048361825942,0.02364822819507124,-0.005196712501502043,1.312615586750156,0.07589202899343288,0.5999991072753232,4.1469077460105015e-10
69,39892,0.07123287671232877,880,3.3,0.36874597715795043,-0.0023353343124389745,0.000627501888370514,-0.26064208435195463,0.08788045153258427,3.2999991278626055,2.2943502756028432e-08
70,39892,0.07123287671232877,885,2.55,0.35706930559575556,0.000802175129413596,-0.00021633647110461674,-0.16059777154470156,0.06515646080669289,2.549999335696363,1.3453485616881433e-15
71,39892,0.07123287671232877,890,2.35,0.36108018124282354,-0.00027950722610948776,-0.00459584170210362,-0.2414702637983217,0.042432470080801525,2.3500001465802,1.2658995869004782e-37
72,39892,0.07123287671232877,895,2.025,0.3596826451122761,-0.023258715736627588,0.00912148413977623,-0.2632812957508761,0.01970847935491016,2.0250007512425583,9.68338043884617e-180
73,39892,0.07123287671232877,900,0.15,0.24338906642913816,0.022348704962253562,-0.004652811251878736,1.1678721196420496,0.03721031823270789,0.1499991277781847,8.0996544799463e-56
74,39892,0.07123287671232877,905,1.45,0.35513259124040597,-0.0009153512971401212,0.00014329766979217728,-0.21429611808082893,0.154142186963872,1.4499997664203548,0.0003583380990755877
75,39892,0.07123287671232877,910,1.1749999999999998,0.35055583475470536,-0.0001988629481792348,0.0003977258963584896,-0.1850342234772229,0.10993156518011189,1.1750007593700786,2.8297261432385252e-08
76,39892,0.07123287671232877,915,1,0.3495615200138092,0.001789766533613213,-0.0005456345353603397,-0.25223456341432665,0.10309696087669712,0.9999991973942137,7.195820471730267e-10
77,39892,0.07123287671232877,920,1,0.35851035268187526,-0.000938406143188486,0.00045484564833641277,-0.3614800836077219,0.09626235657328233,0.9999994722779668,7.464062190564291e-12
78,39892,0.07123287671232877,925,0.8,0.3538183219659328,0.0013358220984935776,7.01658861637111e-05,-0.27236459621723186,0.25846413675224694,0.8000005311639491,0.07233510911371699
79,39892,0.07123287671232877,930,0.775,0.3604974324584007,0.0016866515293121331,-3.1280204772921125e-06,-0.39576399716383653,5.9526812041276775,0.774999282503746,409.94452004951063
80,39892,0.07123287671232877,935,0.775,0.3689306901049614,0.0016710114269256726,-3.051727294929281e-06,-0.5723563182787184,6.024357230402796,0.7749997977382783,413.7139130970329
81,39892,0.07123287671232877,940,0.775,0.37728574723958974,0.0016557527904510262,-0.0015936119934081994,-0.6960416483619398,3.0284693323885628,0.77500065616913,191.18670570730677
82,39892,0.07123287671232877,945,0.775,0.38556451119184487,-0.006312307176589971,0.0031783787459850354,-0.8292939498015821,0.03258143437432997,0.7750004517248357,8.238246910640272e-123
83,39892,0.07123287671232877,950,0.375,0.354002975308895,0.009579586553335207,-0.00398896996707917,-0.33355809334133235,0.03293649611468899,0.3749999433044131,2.1983818203876518e-126
84,39892,0.07123287671232877,960,0.25,0.35007459166526783,0.013152753908157367,-0.0045200277362823504,-0.4655920880249552,0.03329155785504802,0.24999978483369745,3.652331828346947e-136
85,39892,0.07123287671232877,970,0.275,0.36860143733978273,-0.0014470909366607776,0.0032261048998832795,-0.7846563712726756,0.03364661959540704,0.27499935719106716,5.839673475395964e-146
86,39892,0.07123287671232877,975,0.2,0.36136598265647885,0.01468343356275562,-0.005561944654655468,-0.6333858723380744,0.02592070788854455,0.20000072330386054,4.552581932332449e-255
87,39892,0.07123287671232877,980,0.7000000000000001,0.43478315047025695,-0.01312628971052172,0.005763244216346743,-1.7007655551795464,0.018194796181682068,0.6999998004929076,0.0
88,39892,0.07123287671232877,990,0.675,0.4476013587737083,0.00149911335039139,-0.003515828259944915,-1.8616038024519168,0.03261808502777911,0.674999220212527,2.3284347772314817e-183
89,39892,0.07123287671232877,1000,0.125,0.37469678577899934,0.018531661681652056,-0.0034145299870491017,-0.6420212430564431,0.04704137387387615,0.12499969368771024,1.9308813500656467e-96
90,39892,0.07123287671232877,1010,0.65,0.47465015291929236,-0.010910354228496521,0.0049412233228683395,-1.9493560760647055,0.019922878486773474,0.6499999747239027,0.0
91,39892,0.07123287671232877,1020,0.65,0.48907719370603564,-0.0236642855257988,0.005998866173458102,-2.007971549071159,0.014206638114146651,0.6499997559134396,0.0
92,39892,0.07123287671232877,1025,0.05,0.37075576607704164,0.006330045341491708,-0.0014876407630920441,-0.3761164697789728,0.04880167254779857,0.05000011672935334,4.2823542931932425e-107
93,39892,0.07123287671232877,1030,0.1,0.4024059927845002,-0.0011081584739685124,0.00045184637260436977,-0.7505841851343006,0.08339670698145048,0.09999955344961586,5.00287763404101e-39
94,39892,0.07123287671232877,1040,0.075,0.4026205673599243,0.0034898408946991144,-0.0015544735908508333,-0.6276362103517582,1.367013433205587,0.07500033126096284,37.3422854821859
95,39892,0.07123287671232877,1050,0.05,0.3986571365356446,0.0010949979000091426,-2.0599159240697503e-06,-1.00064630869542,2.6506301594297232,0.04999912119252392,134.29490047163083
96,39892,0.07123287671232877,1075,0.05,0.4256935330390931,0.0010553890228271467,-1.0469120025632013e-06,-0.44658090836533715,3.93424688565386,0.05000007620160285,233.69008114666826
97,39892,0.07123287671232877,1090,0.05,0.4415243683815003,0.0010396853427886987,-2.0789892196662044e-06,-0.5313744369992193,4.859865856698833,0.0500007201363053,303.3937911310145
98,39892,0.07123287671232877,1100,0.05,0.45192122180938726,0.0010188954505920367,-1.1352425537105616e-06,-0.493380049008558,5.785484827743806,0.049999526264544736,369.8489239768266
99,39892,0.07123287671232877,1125,0.05,0.4773936080741882,0.0009905143867492726,-1.0681045532230345e-06,-0.5993727367822608,6.0789370429558165,0.04999956816383744,386.5982855509461
100,39892,0.07123287671232877,1150,0.05,0.50215646774292,0.0009638117729186968,-6.195006408681513e-07,-0.6471089169329831,2.9726316015245766,0.049999738929801696,140.7634070770576
101,39892,0.07123287671232877,1175,0.05,0.5262517620658874,0.000948324256896993,-9.918113708584685e-07,-0.6941411519810557,13.203839717570334,0.05000068240417632,696.1861725764161
102,39892,0.07123287671232877,1180,0.05,0.5309933833503724,0.0009433652000427007,-9.918113708318189e-07,-0.8260707920926619,17.627345776349763,0.05000021016774814,752.327792733444
103,39892,0.07123287671232877,1185,0.05,0.5357102093505859,0.0009384061431885416,-9.155181884956806e-07,-0.8340318625352537,7.291820955919455,0.04999990723722214,458.3552651067716
104,39892,0.07123287671232877,1190,0.05,0.5404022400665286,0.0009338285522460632,-1.068104553216811e-06,-0.8419551597307028,6.416678835067911,0.049999471484243774,400.73282975867033
105,39892,0.07123287671232877,1195,0.05,0.5450713828277589,0.0009284880294799791,-1.8310363769528504e-06,-0.8498478558145381,5.541536714216368,0.05000066205686893,337.50946133511917
106,39892,0.07123287671232877,1200,0.05,0.5497138229751588,0.0009193328475952149,-7.756473541256304e-07,-0.7404321468217039,4.666394593364823,0.0499990954323164,269.46210524305155
107,39892,0.07123287671232877,1225,0.05,0.5725807970619203,0.0008920198883056596,-8.605870971676319e-07,-0.8214246826938244,7.53175493129471,0.04999958002941818,468.574662031389
108,39892,0.07123287671232877,1250,0.05,0.5948812942695618,0.0008705052108764688,-5.544683322143555e-05,-0.8672883377922427,3.8743355853882253,0.049999586047586586,197.28974251315128
109,39892,0.07123287671232877,1275,0.05,0.6166439245414735,-0.00051566561965942,5.238900247192309e-05,-1.0704909552360637,0.21691623948174013,0.04999937516175179,1.0500833910971526e-17
110,39892,0.07123287671232877,1300,0.025,0.603752284049988,0.0007940594421386571,-7.080007324209011e-07,-0.9840227329550216,8.869428456906896,0.024999171232330086,536.7372447076119
111,39892,0.07123287671232877,1325,0.025,0.6236037701034545,0.0007763594238281346,-6.652765502934699e-07,-1.0312603301505463,8.201911722506166,0.02500006655758602,498.2808963075705
112,39892,0.07123287671232877,1350,0.025,0.6430127556991578,0.0007597275100707979,-4.6691427612319866e-07,-1.0791797583641591,4.1240069034928215,0.024999230004849937,202.43667798478128
113,39892,0.07123287671232877,1375,0.025,0.6620059434509278,0.0007480546531677179,-7.502162933333434e-07,-1.0382861541195232,7.075893497305585,0.025000514659799022,423.4298676710684
114,39892,0.07123287671232877,1400,0.025,0.6805947773361207,0.0007281421325683546,-5.920350952148822e-07,-0.9941823020099285,10.027780091118348,0.025000531336771048,585.208272307294
115,39892,0.07123287671232877,1425,0.025,0.6987983306503296,0.0007133412551879825,-5.676212768552375e-07,-1.0236306123696186,10.24158496897396,0.025000454331921995,593.047784833708
116,39892,0.07123287671232877,1450,0.025,0.7166318620300292,0.0006991507232666016,-5.432074584959396e-07,-1.0525386218524233,10.228052592438635,0.025000062954986246,591.0811230471572
117,39892,0.07123287671232877,1475,0.025,0.7341106301116942,0.0006855705368042031,6.594477511596644e-05,-1.0897830435374272,0.23718902454873012,0.024999610463586286,3.4517583959339196e-24
118,39892,0.07123287671232877,1500,0.025,0.7512498935317993,0.002334189914703364,-6.581660256957988e-05,-1.117818443196946,5.795982305956328,0.024999739479418748,316.9809565353004
119,39892,0.07123287671232877,1525,0.05,0.8096046413993834,0.0006887748504638669,-5.126901855467391e-07,-1.3119949280713932,11.354775587363926,0.049999915851351995,631.8634981823147
120,39892,0.07123287671232877,1550,0.05,0.82682401266098,0.0006759575958251985,-7.03575727844239e-05,-1.3419725420334823,5.757239255242361,0.04999983446313694,308.35217826045067
121,39892,0.07123287671232877,1575,0.05,0.84372295255661,-0.001082981723785399,0.0001040898404388427,-1.371428024528707,0.1597029231207954,0.04999970501508877,5.024447737082981e-63
122,39892,0.07123287671232877,1600,0.025,0.816648409461975,0.0015192642871856687,-1.7910587493896423e-05,-1.225240776653735,4.594710006913504,0.024999906326343024,209.09575124481137
123,39892,0.07123287671232877,1650,0.05,0.8926116238212585,0.0006237349124908476,-4.142719802857631e-07,-1.4568395521744255,9.029717090706212,0.04999988291620183,520.2817828781056
124,39892,0.07123287671232877,1700,0.05,0.9237983694458008,0.0006030213134765594,-3.8833229827872716e-07,-1.5217865864301774,9.474387252184862,0.049999159261629456,541.1234901337143
125,39920,0.14794520547945206,490,281.4,0.5626874786376954,0.0005890787343978854,-2.8314307308195957e-05,-0.866707155742816,0.42040804299862655,281.3999997599233,280.60317509707073
126,39920,0.14794520547945206,500,271.75,0.5685782659816743,0.00030593566131592587,-3.80416880607648e-05,-0.8834821830785717,0.616958272020177,271.75000092422584,272.5051773349388
127,39920,0.14794520547945206,510,262.15,0.5716376225948335,-7.448121929172213e-05,6.430561609269692e-05,-0.5665523539291965,0.31297924557341034,262.150000428628,260.55352386168136
128,39920,0.14794520547945206,515,257.35,0.5712652164983749,0.00024704686117176243,-0.0002391505167961272,-0.8147636215845395,0.328902542716181,257.3500002360251,255.56803370769683
129,39920,0.14794520547945206,525,247.75,0.5677569221901894,-0.0005736532065868216,4.459336509704313e-05,-0.7553121166460207,0.34482583985895177,247.7500004669658,245.60866788525584
130,39920,0.14794520547945206,540,233.45,0.5613817923462392,-0.000278726413071162,1.9115018427395834e-06,-0.6744194228773136,0.48806143103064126,233.45000096417476,231.92513609672574
131,39920,0.14794520547945206,550,224.05,0.5585945282155276,-0.00025961139464376616,-2.8628420645000485e-05,-0.6535170706130048,1.3778631761474667,224.04999955545537,274.285891034842
132,39920,0.14794520547945206,560,214.75,0.5559984142690899,-0.000545895601093771,8.37854112982761e-06,-0.6402271931204441,0.48351308830985945,214.74999989140372,212.72622424370854
133,39920,0.14794520547945206,575,200.85,0.5482289073091747,-0.0003430928252935894,-2.7481042706951626e-05,-0.4353131248348536,2.206103396706709,200.8499990657915,330.90125404982984
134,39920,0.14794520547945206,585,191.75,0.544110952988565,-0.0006036638451218268,-1.2171146750461493e-05,-0.42957529023130064,0.8546958201577092,191.75000018458002,210.15788398580918
135,39920,0.14794520547945206,590,187.2,0.5410926337629559,-0.0006645195788741343,1.342640801668682e-05,-0.5835234827244413,0.44767805008771244,187.2000004234269,183.63162832093872
136,39920,0.14794520547945206,600,178.15,0.5344474379742146,-0.0005302554987072661,-2.339458912611113e-05,-0.5396918281003025,2.470724747382439,178.14999921447952,343.42935792314915
137,39920,0.14794520547945206,615,164.85,0.5256772982442379,-0.0006892552590966438,-2.0800620925420788e-05,-0.38299543099115974,3.0091094800328007,164.84999909529915,385.5765544903565
138,39920,0.14794520547945206,625,156.05,0.518264730130136,-0.0005736949294209648,-2.25684770107204e-05,-0.47195983867480146,2.679504322140529,156.04999991634998,352.45747121888365
139,39920,0.14794520547945206,635,147.45,0.5119635689106583,-0.0007913987174033909,3.7071334147444894e-05,-0.3477576001660095,0.34557166436596226,147.44999952837463,138.65863471451883
140,39920,0.14794520547945206,650,134.75,0.5013914795795085,-0.000820950404763221,3.1717698490614227e-05,-0.4266946534608376,0.33983329526732114,134.74999941809313,124.85004519586641
141,39920,0.14794520547945206,675,114.35,0.48324571239054204,-0.0008487437726855451,2.4228449767833555e-05,-0.37726834462960895,0.35043649506316066,114.3499999917841,104.0289872651507
142,39920,0.14794520547945206,685,106.45,0.4753639859078824,-0.0006193814327716707,-2.2861132889990804e-05,-0.26807626348680663,3.4303367874756705,106.45000012253439,400.82199321142787
143,39920,0.14794520547945206,700,95.05,0.4643818803255261,-0.0007475390781462199,1.7238086932895862e-05,-0.3101853288762816,0.35902479817036714,95.04999987286652,85.24858938594093
144,39920,0.14794520547945206,715,84.15,0.453451317344308,-0.0006998021955192391,-2.3332600915422215e-05,-0.22303456832489876,5.015766235865395,84.14999926316375,521.8907204019883
145,39920,0.14794520547945206,725,77.15,0.44586998036623005,-0.000930639735639105,1.3699990600346545e-05,-0.2551503801736709,0.36235974522437314,77.14999960650454,68.32884580914634
146,39920,0.14794520547945206,735,70.25,0.43690608277484766,-0.0006215063171088441,-2.48954190731121e-05,-0.18498138874545667,6.498001590033856,70.24999940136706,611.0929732768358
147,39920,0.14794520547945206,750,60.65,0.42572357347965245,-0.0006456042340099999,-2.568040439485885e-05,-0.18829191203034892,3.4949958486428594,60.6500002446661,389.15794919836924
148,39920,0.14794520547945206,775,46.4,0.40949064922451966,-0.0005382543620466973,-1.0368720316891191e-05,-0.16579907894360518,0.49199010725186265,46.40000032535943,56.133269488310304
149,39920,0.14794520547945206,780,43.849999999999994,0.4067993774142862,-0.0005900979636311532,-1.0636938536168205e-05,-0.10059715269609018,0.5009821681161177,43.85000096103005,54.97635513105001
150,39920,0.14794520547945206,785,41.349999999999994,0.4038488875961304,-0.0006432826563119942,6.07067236304327e-06,-0.13482767429138975,0.3439219302822515,41.34999921638416,34.27999668708304
151,39920,0.14794520547945206,800,34.3,0.39465222129344946,-0.0006398852255344645,5.716028273115002e-06,-0.1293922580953158,0.3307176505582696,34.300000306600566,26.892241898096074
152,39920,0.14794520547945206,815,27.9,0.3845999090692401,-0.0007340626027286246,-0.00012306626753210147,-0.10141877123170631,0.2221373091311204,27.899999481897396,10.46178765730832
153,39920,0.14794520547945206,820,25.9,0.38092959605559695,-0.001349393940389132,0.000243248891186707,-0.07354626447449525,0.11355696770397117,25.899999671297564,1.2261817478295214
154,39920,0.14794520547945206,825,23.65,0.3741826263536513,-0.00013314948445559694,-8.503888444304054e-05,-0.033510234377346876,0.15549682743495874,23.649999870578796,3.041842623871773
155,39920,0.14794520547945206,830,22.15,0.3735168789313733,-0.0005583439066707996,-3.176716985106686e-05,-0.06411748984628302,0.1974366871659463,22.15000057326492,5.305171455597616
156,39920,0.14794520547945206,835,20.5,0.3707251593980193,-0.0007171797559261339,2.6291345894338138e-05,-0.07496195196232644,0.23937654689693388,20.499999619349012,7.838572252478627
157,39920,0.14794520547945206,840,18.85,0.36713926061838864,-0.0005857230264544433,0.00015274014319181404,-0.05744917102484871,0.13465107574375687,18.84999960254322,0.8387695654895353
158,39920,0.14794520547945206,850,16.3,0.36510053393363956,-0.0013259546482265016,0.00015422070776223816,-0.09853502653584491,0.12619202376651983,16.299999151210557,0.3200223244881393
159,39920,0.14794520547945206,875,10.35,0.35119863461822265,-0.0004894237451255279,-6.219682484865264e-05,-0.06865446053269675,0.12453378346317938,10.349999086404154,0.04947438018624917
160,39920,0.14794520547945206,885,8.4,0.34474947654575105,-0.00043860831338167207,-3.510678470134643e-05,-0.054731256909029725,0.12287554315983892,8.400000073678854,0.019494640635865146
161,39920,0.14794520547945206,900,5.85,0.3329792564290762,0.0011428361095189854,-0.00032184755816459185,0.05758092233959028,0.12121730285649848,5.849999570628171,0.004511433873855997
162,39920,0.14794520547945206,925,3.75,0.33292459951639175,-0.0005574289845228231,-9.305622503757772e-05,-0.11468167020518998,0.11955906255315803,3.7499992640350683,0.00032269083416981703
163,39920,0.14794520547945206,950,2.2,0.32841495718955993,-0.001405701885223387,8.1077003324031e-05,-0.11240899975789552,0.11790082224981757,2.200000037241743,1.5666640897760544e-05
164,39920,0.14794520547945206,975,1,0.3127774773812293,-0.0016928026671409358,0.00034815916943549576,-0.0303139273508309,0.06812879606183068,0.9999999242271329,3.72972990078828e-19
165,39920,0.14794520547945206,1000,0.75,0.3254458411061763,-3.353323781490336e-05,0.00010265843728780809,-0.3564355321960791,0.1092574979066953,0.7500007583401711,1.6577463322158038e-09
166,39920,0.14794520547945206,1025,0.625,0.3419029957926273,0.0005847872428894174,7.596655218600646e-05,-0.7498320671879819,0.09797009759774639,0.6249999291396637,8.395323317832634e-14
167,39920,0.14794520547945206,1040,0.6,0.35447313204526887,-0.0032577904121875666,0.0008404719228029244,-0.08806077960747537,0.042751782286619876,0.6000005351805857,1.5426492957199026e-74
168,39920,0.14794520547945206,1050,0.225,0.3218952279233932,0.005146928815841678,-0.0003942211782932293,-0.3510339578543387,0.06310405459757656,0.22500058439053028,3.1835033586762376e-37
169,39920,0.14794520547945206,1060,0.6,0.37336451608181,0.0012047170329093858,-3.886501865386859e-05,-0.9227197412284354,0.08345632690853326,0.5999994523829386,4.64613488831852e-23
170,39920,0.14794520547945206,1075,0.65,0.39143527157545077,0.000621741753101357,4.7293825864791094e-05,-1.0119047684497058,0.10380859921948996,0.6499994758745551,1.6998785992313952e-16
171,39920,0.14794520547945206,1100,0.65,0.41407288928270336,0.0006936576141357431,6.015145231247042e-06,-1.069371863021595,0.25924176649958364,0.6499998461505712,0.004104012087396969
172,39920,0.14794520547945206,1125,0.6,0.43141432963609694,0.0008440362449169192,-9.817025241854772e-07,-1.0652352143168462,2.442457433538369,0.6000009404135174,190.3884835036893
173,39920,0.14794520547945206,1150,0.6,0.4525152357590199,0.0008194936818122822,-9.221938419338819e-07,-1.11704122277626,2.6043759326646705,0.5999998810566094,204.76306760915816
174,39920,0.14794520547945206,1175,0.6,0.473002577804327,0.0007964388357639352,-5.211396554947178e-06,-1.1673445493057364,1.4853077827728138,0.6000000102623453,71.05883477479514
175,39920,0.14794520547945206,1200,0.6,0.49291354869842535,0.0006661539218902557,3.4053461952212583e-06,-1.21623376977912,0.36623963288095723,0.6000002771717678,0.030950176004675756
176,39920,0.14794520547945206,1225,0.575,0.5095673967456817,0.0007512875767707872,-7.71705539703584e-07,-1.2571029887629408,3.06876078324751,0.5750000451734376,246.02305309643694
177,39920,0.14794520547945206,1250,0.575,0.5283495861649514,0.0007319949382781976,-7.312701530455675e-07,-1.3032246016693974,3.209814087763843,0.5749998586870131,258.33234785583477
178,39948,0.22465753424657534,490,282.25,0.4962003543615342,0.0004603935931920877,7.017383337022025e-06,-0.357892527622666,0.31621150594830333,282.2499997246102,280.8079873331458
179,39948,0.22465753424657534,500,272.75,0.5008042902934551,0.000530567426562308,-2.835536787509819e-05,-0.32034754564455464,0.4907126627988628,272.74999904968956,272.5354138161251
180,39948,0.22465753424657534,515,258.75,0.5087628016918897,0.00010523690843583511,-1.1654777008296053e-05,-0.34572499968945897,0.4927967697586955,258.75000020208853,258.3061057130337
181,39948,0.22465753424657534,525,249.45,0.509815170776248,-1.1310861647125432e-05,-7.137915968896556e-06,-0.34347734804162083,0.48670065521835787,249.44999996155008,248.71752959989504
182,39948,0.22465753424657534,550,226.55,0.5084617118397354,-0.00015766164949535533,-1.9420191156864775e-05,-0.33055552661431575,0.939842682753173,226.5499998488798,257.7546118265143
183,39948,0.22465753424657534,600,182.35,0.4930464210240544,-0.00043947316812873,-3.862437724113477e-06,-0.30003057112896064,0.5579672972076798,182.34999998791437,187.32287218218033
184,39948,0.22465753424657534,625,161.25,0.48205959182083613,-0.0005360341112315669,-1.5252914485930835e-06,-0.2720938959150661,0.5247900459852051,161.24999976982122,165.021159301191
185,39948,0.22465753424657534,650,140.85,0.46865873904004696,-0.000574166397446394,1.0182755684851963e-06,-0.24030650113303828,0.4734307845999286,140.85000038648735,141.3228591938721
186,39948,0.22465753424657534,675,121.35,0.4543045791038871,-0.0005487095082342641,-9.156850798127878e-07,-0.20567799634841893,0.4791872449212437,121.3499994704294,124.15996047345931
187,39948,0.22465753424657534,700,103.05,0.4405868413980305,-0.0005716016352295838,-1.1639955468179885e-06,-0.1896156163064287,0.46067147674911557,103.05000058569988,105.54959057341006
188,39948,0.22465753424657534,725,85.95,0.4262968005172909,-0.0006007015239000335,8.161463184357857e-07,-0.17038299696219958,0.41161922894501274,85.95000019454938,83.98539459392202
189,39948,0.22465753424657534,750,70.15,0.41127926241979007,-0.0005802978659391389,3.938993164300797e-06,-0.1395228517226664,0.359370617216666,70.14999925643804,62.81352894744282
190,39948,0.22465753424657534,775,55.95,0.3967718157713116,-0.00048182303683161896,-1.709897108316395e-06,-0.12465717835518045,0.39040693464000925,55.950000962967636,55.025284668698305
191,39948,0.22465753424657534,800,43.75,0.3847262398505211,-0.0005245704645395288,-1.5296544649601173e-06,-0.10838213851783016,0.36621331770170784,43.75000085562965,41.07279647572085
192,39948,0.22465753424657534,825,33.1,0.3716119782370329,-0.0005628118261635318,3.936966626644179e-06,-0.0929928574189119,0.2995556743289715,33.100000270428836,23.222275710394825
193,39948,0.22465753424657534,850,24.049999999999997,0.3575416825829446,-0.0004643876604974273,4.918597625970911e-06,-0.06914807678403699,0.28034676684207677,24.049999446966098,14.509860271417324
194,39948,0.22465753424657534,875,17,0.3459319910705089,-0.0003414227198481545,-7.574005680084461e-06,-0.05140632925322977,0.3838209025571794,16.999999252314808,21.481835976568732
195,39948,0.22465753424657534,900,11.8,0.33739642307430506,-0.0005307728618502661,1.4294433699131215e-05,-0.08697404909312861,0.20751253913062384,11.800000352895978,2.0367761710242362
196,39948,0.22465753424657534,925,7.5,0.3241271015280484,-0.0001734120193719857,-8.007160223007137e-06,-0.05999352712792966,0.37675498162849524,7.499999773890167,12.083705918723282
197,39948,0.22465753424657534,950,5,0.31979180104374877,-0.0003735910249471641,-4.8150534725190945e-06,-0.05467415741296769,0.2825289101892998,5.000000602122711,2.935898195426766
198,39948,0.22465753424657534,975,3,0.31045202542006967,-0.0004939673617601415,-2.195240956306319e-06,-0.028968972634843455,0.233845701547265,3.00000023395215,0.5936453550170597
199,39948,0.22465753424657534,1000,1.6,0.29810284137606613,-0.0005488483856677995,3.8889877515792825e-05,-0.023417907081458366,0.13392112427604294,1.599999167401947,0.0002620070994303336
200,39948,0.22465753424657534,1025,0.75,0.28438163173437114,0.0004233985522270212,1.3519819481849816e-05,0.08702564065473367,0.2712605923165301,0.7499996833994889,0.5368727643756515
201,39948,0.22465753424657534,1050,0.6,0.29496659554004667,0.0007613940392732666,-1.2783081650743176e-06,-0.03885963442146841,1.2564687434645685,0.5999996605468887,100.55347770327654
202,39948,0.22465753424657534,1075,0.6,0.3138097002971172,0.0007291673222064988,-9.126571941378038e-07,-0.376896869846412,2.241676894612607,0.6000002527186119,237.65513940211696
203,39948,0.22465753424657534,1100,0.6,0.33203888335227966,0.0007063508923530537,-8.512411823268428e-07,-0.3770721568388603,2.488486986519439,0.6000000800909522,267.6307238652096
204,39948,0.22465753424657534,1125,0.6,0.349697655661106,0.0006850698627948826,-7.972637557986497e-07,-0.5657070672859451,2.003918820663267,0.5999992399121332,193.67185393050224
205,39948,0.22465753424657534,1150,0.6,0.36682440223097806,0.0006651382688999163,-7.486268520353603e-07,-0.5935951034673631,2.1308787901352564,0.599999837612053,207.3925988421655
206,39948,0.22465753424657534,1175,0.6,0.383452858953476,0.0006464225975990323,-4.227023769378937e-06,-0.6206862675767291,1.190828383981629,0.5999997913905517,69.24798595809983
207,39948,0.22465753424657534,1200,0.6,0.3996134238934518,0.0005407470033645589,2.760668804168988e-06,-0.7206906046935501,0.2507779778280012,0.600000407627407,0.0027219262219997237
208,39948,0.22465753424657534,1225,0.575,0.41313209897756575,0.0006097637234687836,-6.261762943269742e-07,-0.6497105612836567,2.5927446683436752,0.5749999425522425,260.68825837647853
209,39948,0.22465753424657534,1250,0.575,0.42837619206428534,0.0005941093161106093,-5.939424247739748e-07,-0.8899022245732385,1.3371124388488078,0.5749990366104267,77.5267007174954
210,39983,0.32054794520547947,500,274.65,0.47008603249192243,0.00037631016165018405,-2.391910475494361e-06,-0.1643516373992296,0.36139248812183167,274.6499993047489,271.87759193671553
211,39983,0.32054794520547947,550,229.95,0.4767646065479517,-0.0001455630210041988,-2.1907799243961208e-07,-0.1817492060993236,0.44484949044240263,229.94999914638828,227.94983352700388
212,39983,0.32054794520547947,600,187.35,0.46427636625826363,-0.0003136752470433694,-3.1072584003216055e-06,-0.15769541748143143,0.5244446079722203,187.34999941954322,193.44302415871863
213,39983,0.32054794520547947,650,147.65,0.44561564989030356,-0.0004413447352588129,-4.301183126807651e-06,-0.14129355038072433,0.5670811382629931,147.6499991688978,163.65552419469043
214,39983,0.32054794520547947,675,129.05,0.43458203150883323,-0.0005488743134290042,1.0295655687153626e-05,-0.1302037254631766,0.33105963057716853,129.04999991449495,115.25884186485689
215,39983,0.32054794520547947,700,111.35,0.4224045220261812,-0.0004966388152241707,-1.9897818267352804e-07,-0.11320890205720667,0.43291537436135186,111.34999945804532,112.94386551809919
216,39983,0.32054794520547947,725,94.75,0.4099587049181759,-0.000498091663911937,2.626303397119294e-06,-0.10041175027582176,0.37068936267059044,94.749999013776,88.42777621440172
217,39983,0.32054794520547947,750,79.45,0.39790035882994534,-0.0005232788448035763,3.966649442911584e-06,-0.08742895971970165,0.3389120840003954,79.4499993226886,69.4843297289433
218,39983,0.32054794520547947,775,65.3,0.38481838770985594,-0.00042411260873078673,7.857303723683251e-07,-0.07381472239761998,0.3552938244093018,65.30000062374802,60.183000262534506
219,39983,0.32054794520547947,800,53,0.3743334320474415,-0.0004825787168294108,2.8392719745627846e-06,-0.06763368634283926,0.3144383866814003,52.999999870034,42.62356660850395
220,39983,0.32054794520547947,825,41.95,0.36269485492289066,-0.0004908333808779752,3.2468312144277346e-06,-0.05782103946048486,0.2934747872355051,41.950000784964175,30.339837103177103
221,39983,0.32054794520547947,835,37.9,0.3577865211141109,-0.00045836506873369784,4.135196447373306e-06,-0.05172684601345942,0.28114145686509734,37.899999072578964,25.35839525141597
222,39983,0.32054794520547947,850,32.35,0.35091104508310544,-0.00039633712202309825,-6.9461366307741885e-06,-0.044291522989397134,0.4364675541265873,32.35000042888453,46.46269631273441
223,39983,0.32054794520547947,875,24.5,0.341002617032528,-0.000569990537792453,1.5357281175255953e-05,-0.038572880489264896,0.20177696583710414,24.499999435696537,6.422285339890578
224,39983,0.32054794520547947,900,17.75,0.32905644576400506,-0.00042728592828511936,1.097107883334143e-05,-0.02274015222706784,0.21210685963781434,17.74999909836822,4.728468081728124
225,39983,0.32054794520547947,925,12.5,0.3183742975568771,-0.00015300895745158362,-4.879473528384981e-06,-0.00789568447364217,0.37005165794483386,12.50000027282266,18.84495435876525
226,39983,0.32054794520547947,950,9.1,0.3145490736205875,-0.00027499579566120814,-7.907192312479071e-06,-0.023436207980629484,0.38627932059291376,9.099999836587216,17.0257476059422
227,39983,0.32054794520547947,975,6.25,0.3076741787290573,-0.0004726756034731849,1.3897852200507898e-05,-0.023736541156110326,0.17034298560118524,6.250000111874087,0.21041268662228685
228,39983,0.32054794520547947,1000,3.8499999999999996,0.29585728864222766,-0.00012522929846048747,2.6312088103296105e-06,-0.0006692200131061594,0.24370019835306708,3.8499998248626994,1.4110295959789312
229,39983,0.32054794520547947,1025,2.6,0.29272655618071547,-5.944907820224721e-05,-1.9336316339492757e-05,-0.007675499912752623,0.1722569461014099,2.5999999036427184,0.04512918263686938
230,39983,0.32054794520547947,1050,1.775,0.2912403292256593,-0.0005428569866895661,5.0854079009056e-05,-0.028715676714905845,0.1008136938497527,1.7750008585223789,3.049603177575003e-07
231,39983,0.32054794520547947,1075,0.8999999999999999,0.27766890455842014,0.0007284949885368341,-2.982701038169848e-05,0.0006497357115721333,0.11825508917017352,0.8999995110383061,4.215900666723344e-06
232,39983,0.32054794520547947,1100,0.95,0.295881279271841,-1.7180271005627913e-05,2.3811292951583682e-05,-0.09479303953079427,0.13569648449059435,0.9500000596585139,2.785358521547633e-05
233,39983,0.32054794520547947,1125,0.65,0.2954517724967003,0.0005781020527839642,-6.750039310454703e-07,-0.10005678933469152,2.8185097226099947,0.650000465714319,379.9054276333549
234,39983,0.32054794520547947,1150,0.65,0.3099043238162994,0.0005612269545078274,-1.3597161695480687e-05,-0.19050698126413645,1.4438938630232783,0.6500004177429481,148.48532044754293
235,39983,0.32054794520547947,1175,0.65,0.3239349976789951,0.0002212979121208103,6.502086467743417e-05,-0.2808146867676418,0.06927800343656168,0.650000353478454,1.4089480788094835e-26
236,39983,0.32054794520547947,1200,0.55,0.33050610563516614,0.0008129992246627804,-4.498074373054503e-05,-0.2531675387116906,0.07578168169343594,0.5500006517726472,1.5325451113121632e-24
237,39983,0.32054794520547947,1225,0.65,0.35083108625173565,-0.0003115193686008455,2.3198849430084146e-05,-0.36019181864634975,0.08228535995031018,0.6499996106093491,7.64825151854582e-23
238,39983,0.32054794520547947,1250,0.39999999999999997,0.3430431020367145,0.00026845186715125814,3.1278297443392933e-06,-0.2902405463574347,0.25239336581358396,0.39999995609723893,0.013323911720641901
239,39983,0.32054794520547947,1275,0.35,0.34975439871549596,0.0003466476107597405,-9.467983932498914e-07,-0.2794436135247516,2.462422217279836,0.350000626235798,301.8599515011323
240,39983,0.32054794520547947,1300,0.325,0.3584205889844895,0.0003229776509284932,-9.799859275815957e-07,-0.277433024863424,2.736874640473033,0.32499973945537697,342.6458485221697
241,39983,0.32054794520547947,1325,0.3,0.3664950302577018,0.0002984780027389533,3.476260708236696e-05,-0.27987011651783184,0.09675433295508916,0.3000004920499393,1.5629214537111206e-22
242,39983,0.32054794520547947,1350,0.275,0.37395698032617564,0.0011675431797981272,6.336148796082241e-07,-0.2749089112978715,0.18807312560123432,0.27499980219062437,1.4514052996409863e-06
243,39983,0.32054794520547947,1375,0.425,0.4031455598211288,0.0011833835517883328,-2.9956708791732998e-05,-0.3579024729839393,1.654733424678328,0.4250001515405657,149.01404842701277
244,39983,0.32054794520547947,1400,0.625,0.43273014861583714,0.00043446583199500786,-3.765068550108273e-07,-0.4432566235453877,3.121393723755422,0.6249994963534968,389.7163416757054
245,39983,0.32054794520547947,1425,0.625,0.44359179441571234,0.0004250531606197372,-3.893050363540684e-06,-0.45425055103406803,1.6843699918257236,0.624999837970643,147.36477759144498
246,39983,0.32054794520547947,1450,0.625,0.45421812343120577,0.0003277269015312201,3.1303092727660508e-06,-0.4717228294793063,0.24734625989602518,0.6250003062414233,0.00010037294987126416
247,39983,0.32054794520547947,1475,0.6,0.46241129596948627,0.00040598463335037136,-3.2958654785151047e-07,-0.47350773494250176,3.404336807337413,0.5999999240078884,423.36293360196066
248,39983,0.32054794520547947,1500,0.6,0.47256091180324555,0.0003977449696540836,-3.1699817275985434e-07,-0.4837834925930581,3.5542939781447265,0.5999993836350699,442.11412216014537
249,39983,0.32054794520547947,1525,0.6,0.48250453604459764,0.00038982001533508724,-3.0440979766872517e-07,-0.4938512583131321,3.6272769817797976,0.6000008680994924,449.93188345743306
250,39983,0.32054794520547947,1550,0.6,0.4922500364279748,0.0003822097703933691,-2.9296582031257447e-07,-0.5037172479535201,3.7435827162166495,0.6000007788358666,463.5059862205644
251,39983,0.32054794520547947,1575,0.6,0.501805280687809,0.00037488562488555475,-4.177051734920666e-07,-0.5133900680768627,2.6840438163953126,0.6000009328088112,300.9107644283745
252,39983,0.32054794520547947,1600,0.6,0.5111774213099479,0.0003644429955482531,-1.2910713787080303e-06,-0.5228773689610616,1.6245049165739758,0.6000003425665135,116.7019689441548
253,39983,0.32054794520547947,1650,0.6,0.5293995710873606,0.00029988942661285156,6.483490004539851e-07,-0.3911042009396873,0.5649660167526388,0.599999554457125,1.04247148702607
254,39983,0.32054794520547947,1700,0.575,0.5443940424180032,0.0003323068766355508,-2.127626123428093e-07,-0.5171037998562988,2.340251551157099,0.5749994820859143,228.82741105024837
255,40074,0.5698630136986301,450,323.95,0.389487411262989,0.0007924656298756605,-1.4912873387932791e-05,-0.05966236572321312,0.2771930226330554,323.9499997747118,321.92705870028163
256,40074,0.5698630136986301,500,280.15,0.42911069275677205,4.682196047902099e-05,-3.532946542739834e-06,-0.11034748893427665,0.3942764434659874,280.1499995949905,277.74784772958844
257,40074,0.5698630136986301,550,238.15,0.4314517907807231,-0.00012982536665797072,-3.2320861661732758e-06,-0.10936992686101049,0.4570649549117835,238.15000073032104,241.10168703076357
258,40074,0.5698630136986301,600,198.75,0.42496052244782456,-0.0002914296749666345,-7.86412838727202e-07,-0.10294889322092757,0.4340056437850569,198.74999964861973,200.09424541355418
259,40074,0.5698630136986301,650,161.65,0.41038903869949284,-0.0003307503169029946,5.253024022579202e-07,-0.08224407352277863,0.39521809548172265,161.65000006348004,158.9387051500866
260,40074,0.5698630136986301,675,144.25,0.40212028077691797,-0.0003176177568465466,-2.103760662317455e-06,-0.07392633875686648,0.463737944365052,144.25000022251788,156.33579889523418
261,40074,0.5698630136986301,700,127.85,0.3941798368557543,-0.000370211773404483,6.940057017805761e-07,-0.06784598155464248,0.3732012415288087,127.85000008886709,123.52932838092647
262,40074,0.5698630136986301,725,112.15,0.38492454252064223,-0.0003528616308599686,-1.3859133410454306e-06,-0.05764098897468649,0.4177167982926622,112.14999966074038,119.2698764588747
263,40074,0.5698630136986301,750,97.55,0.376103001749143,-0.00038750946438610435,-9.765646551844758e-07,-0.0519949045790382,0.39128471055371444,97.54999964530015,100.96335586102867
264,40074,0.5698630136986301,775,83.8,0.3664152651394904,-0.00041192358076571625,1.3541592840847776e-05,-0.0428331887641785,0.20935035562924417,83.79999917314899,47.55012152527752
265,40074,0.5698630136986301,800,71.3,0.3574713349044323,-0.00037861087793111814,2.7313555330038546e-06,-0.03831247220158922,0.28693725571737333,71.29999947557894,54.94830789785061
266,40074,0.5698630136986301,825,59.85,0.3482791985094547,-0.0003629260725081074,9.612046918279222e-06,-0.030300120989929225,0.21470774780701288,59.85000000982359,29.575619876508142
267,40074,0.5698630136986301,850,49.7,0.33986850099533794,-0.00033930737215876584,7.741612265109053e-07,-0.023729608091760893,0.2942455961667178,49.700000499733676,39.52298441040432
268,40074,0.5698630136986301,875,40.65,0.3313858166913688,-0.0003199533414959932,1.6282157199384535e-06,-0.017283203022227245,0.27047477532094233,40.64999992805991,27.802659411981267
269,40074,0.5698630136986301,900,32.8,0.32338698315396897,-0.00027924794849753186,-1.1496190502644052e-06,-0.011501774452274174,0.3108541309293952,32.79999933460772,30.25598722225999
270,40074,0.5698630136986301,925,26.2,0.31640578444153067,-0.000307988424754142,1.1999010257721207e-06,-0.010478908389552925,0.25400466874289673,26.200000301842095,15.121102118416587
271,40074,0.5698630136986301,950,20.45,0.3087060738226771,-0.000277990899109839,1.4142610266206998e-06,-0.006895589941240747,0.2430687335248089,20.449999018163908,10.220065392114222
272,40074,0.5698630136986301,975,15.75,0.30175630134493114,-0.00024263437344432148,1.9013691544532916e-06,-0.0042283623878894986,0.23114827507605795,15.75000029656833,6.415276191151136
273,40074,0.5698630136986301,1000,12,0.2956904420088231,-0.0001951001445829892,-2.9669703376292493e-06,0.00041589420926995335,0.3229211969434785,11.999999584179179,15.880177017925647
274,40074,0.5698630136986301,1025,9.1,0.2908129383942484,-0.0002692744030237204,7.706803500653349e-07,-0.0058675838480530046,0.21995505883972752,9.100000151223199,2.6873346602022607
275,40074,0.5698630136986301,1050,6.6,0.28408107831865537,-0.00025000739427208705,1.0675800375937062e-06,-0.001644690213507955,0.21066217728909672,6.599999277785173,1.4696692476085218
276,40074,0.5698630136986301,1075,4.699999999999999,0.2778308934618532,-0.0002233178933322444,6.1457734644415405e-06,0.010983527892156505,0.17113092936845603,4.700000004434031,0.19868934872212485
277,40074,0.5698630136986301,1100,3.3,0.2722479461285471,-6.96735567212059e-05,-1.0169928893566294e-05,0.014958026566045605,0.17913783572332934,3.2999997042439375,0.17622652426887164
278,40074,0.5698630136986301,1125,2.45,0.27050610721051693,-0.0003239217790603632,-6.18165510177526e-07,0.0024070882207579973,0.18714474207820264,2.4500007079963098,0.15983747843952045
279,40074,0.5698630136986301,1150,1.5499999999999998,0.26240806273400785,-0.0003393759168148014,3.5117370380401346e-05,0.018455100084562664,0.08841196459379021,1.550000639945896,1.3179280690888933e-08
280,40074,0.5698630136986301,1175,0.925,0.2539236648136378,0.0005385583426952323,-3.171478981304156e-05,0.03584394268642387,0.08802143826237684,0.9249996590556258,1.3955293061572068e-09
281,40074,0.5698630136986301,1200,1,0.2673876233810186,-0.00025431140263080685,2.5615531348228693e-05,-0.03530053388414149,0.08763091193096346,0.9999998543375135,1.3479728135653264e-10
282,40074,0.5698630136986301,1225,0.625,0.26102983831524845,0.00038607688107491047,-3.9805967903197005e-07,-0.028349180589124744,2.8042080823573614,0.625000825175368,492.6459543439967
283,40074,0.5698630136986301,1250,0.625,0.2706817603421212,0.0003761253890991112,-3.770790538781387e-07,-0.0785816225124098,2.5682298772404324,0.6249997916901844,449.6848716037943
284,40074,0.5698630136986301,1275,0.625,0.280084895069599,0.00036669841275215775,-2.7209963493350033e-06,-0.13026510698978655,1.3961430410778326,0.6249990275224953,200.06156985256143
285,40074,0.5698630136986301,1300,0.625,0.28925235538840294,0.00029867350401878266,1.9712250995636e-06,-0.14924568553779807,0.22405620491523282,0.6250005591189467,0.049458101175474
286,40074,0.5698630136986301,1325,0.6,0.2967191929888725,0.00034795413150787266,-3.229108943938455e-07,-0.1951327696122965,1.814274202471509,0.5999991839958536,287.86154429474357
287,40074,0.5698630136986301,1350,0.6,0.3054180462765693,0.0003398813591480265,-3.080337238312589e-07,-0.20080329903655605,1.885075548187742,0.5999991560835181,300.103102292013
288,40074,0.5698630136986301,1375,0.6,0.31391508025527,0.00033218051605224505,-2.9411021804799307e-07,-0.20634377373646873,1.9495333211298846,0.5999992584198397,310.9526696754872
289,40074,0.5698630136986301,1400,0.6,0.3222195931565761,0.0003248277606010452,-2.9607476749418983e-06,-0.21699869828558221,1.0555261614510003,0.5999992578732938,104.29793523965014
290,40074,0.5698630136986301,1425,0.6,0.33034028717160224,0.00025080906872749776,2.364707187652293e-06,-0.21705655351222258,0.16151900177211592,0.6000000470449205,6.212818643813939e-06
291,40074,0.5698630136986301,1450,0.575,0.3366105138897897,0.0003099267484188051,-2.567265586852943e-07,-0.21552267279271317,2.2202651279933674,0.5750003492590992,359.7493807118139
292,40074,0.5698630136986301,1475,0.575,0.3443586826002598,0.00030350858445167274,-2.466177120207468e-07,-0.22600546608901362,2.236232862353754,0.5749995214486008,360.3078771168619
293,40074,0.5698630136986301,1500,0.575,0.35194639721155163,0.00029734314165115407,-2.3650886535637713e-07,-0.23095400053619697,2.275701453105881,0.5750001234420825,365.81868971378213
294,40074,0.5698630136986301,1525,0.575,0.3593799757528305,0.00029143042001724464,-2.2735368347195482e-07,-0.2358026032282758,2.343332600718355,0.5749991810612229,377.1500263566651
295,40074,0.5698630136986301,1550,0.575,0.3666657362532616,0.00028574657793044577,-2.18961433410313e-07,-0.22915307730364298,2.59300996674524,0.5749994843891093,424.1566547617933
296,40074,0.5698630136986301,1600,0.575,0.38081621425390244,0.0002750083125114422,-2.0293986511213e-07,-0.24978874566168593,2.541666216215132,0.5750002226183692,409.70292125832407
297,40165,0.8191780821917808,450,327.05,0.37461268446624274,0.0005397343305766589,-9.760759019851695e-06,-0.028394775946586678,0.30942741072544844,327.0499992112795,324.1116667593444
298,40165,0.8191780821917808,500,285.15,0.4015994009950757,5.1696379584074135e-05,-2.9900907481312578e-06,-0.07142508637332816,0.3735935733978547,285.1499998399097,282.3175591874497
299,40165,0.8191780821917808,550,245.15,0.4041842199742794,-9.780815782248876e-05,-1.8076209264099806e-06,-0.03370473746334325,0.4446755727802253,245.14999916159962,251.41406153324164
300,40165,0.8191780821917808,600,207.65,0.39929381208315495,-0.0001881892041429878,-1.1922329649031397e-06,-0.060574287814395264,0.4178654908243455,207.6500005890207,211.1732391161787
301,40165,0.8191780821917808,650,172.75,0.38988435187600556,-0.0002478008523881448,-3.671967025995924e-07,-0.053836230841766225,0.39250563055587956,172.75000007058486,173.3319260828789
302,40165,0.8191780821917808,675,156.25,0.38368933056630194,-0.0002569807699531346,-4.5842665958382123e-07,-0.04867959987045698,0.3907842522054218,156.24999944152694,157.93020102056693
303,40165,0.8191780821917808,700,140.55,0.3772648113174736,-0.0002684414364427301,-1.1245615081788785e-06,-0.044781917756525784,0.4113859897857749,140.54999988722466,149.08082634756266
304,40165,0.8191780821917808,725,125.65,0.37055377540640533,-0.0002965554741472021,1.6486479878351918e-08,-0.03265344434259414,0.367926855650973,125.64999974818375,124.96632850158159
305,40165,0.8191780821917808,750,111.45,0.3631398885527253,-0.0002961433121502433,-6.612234749791657e-07,-0.034160298811798016,0.37579677198870276,111.44999921828821,114.85022737212125
306,40165,0.8191780821917808,775,98.15,0.3557363057489692,-0.0003126738990247224,9.956975548266913e-07,-0.025783629263428205,0.31653002886992015,98.1500004847963,87.36900985918021
307,40165,0.8191780821917808,800,85.65,0.34791945827335113,-0.00028778146015405513,6.751469807625204e-07,-0.022509642779399267,0.31235853605165775,85.65000043917598,75.77050054379623
308,40165,0.8191780821917808,825,74.25,0.34072492176949976,-0.0002709027856349921,-1.646859866383482e-07,-0.018408671713442883,0.32558929459425906,74.25000028163288,70.04918245761945
309,40165,0.8191780821917808,850,63.9,0.33395235212862495,-0.00027501993530095083,5.08899368048077e-07,-0.01537925505111879,0.29556899414119037,63.900000642513874,53.411505623608434
310,40165,0.8191780821917808,875,54.45,0.3270768537461012,-0.0002622974510997489,-2.6999441993265113e-07,-0.013147159466412388,0.3056137683431035,54.449999917798465,48.71905868322415
311,40165,0.8191780821917808,900,46,0.32051941746860746,-0.0002690473115980652,-1.2824407124511875e-07,-0.018628366925501978,0.28319644117787507,46.00000019998137,36.48141503764012
312,40165,0.8191780821917808,950,31.650000000000002,0.306986899344176,-0.0002513916983038156,2.2029060369726856e-06,-0.003658386800233394,0.2266889206727385,31.64999960869079,14.610012142436432
313,40165,0.8191780821917808,1000,21.1,0.29579413070209315,-0.0002577627750724565,2.6347258465647746e-05,-2.704492774238889e-06,0.1052994744935834,21.09999993705145,0.09276893573054901
314,40165,0.8191780821917808,1025,16.75,0.28935006132528174,0.00040091868656873714,-0.00010467997482717033,0.003332756905046849,0.23044929589584856,16.74999907263698,7.607194089133515
315,40165,0.8191780821917808,1050,13.2,0.2836710322654246,-0.00012407119179367988,-2.384424206972024e-06,0.006758079184327813,0.3555991172981137,13.199999005219325,26.37614538521123
316,40165,0.8191780821917808,1100,8.25,0.2759772075463831,-0.00019483907884955355,1.2383098747729808e-06,0.004578661440922928,0.20157925633613835,8.249999758007974,1.7288770493172265
317,40165,0.8191780821917808,1125,6.3,0.27110623057514427,-0.00016388133198022903,-8.330261850346714e-08,0.0051465899815618206,0.22337268807799063,6.299999276463865,2.3607283500075624
318,40165,0.8191780821917808,1150,4.8,0.26700919727563854,-0.0001659638974428157,-1.9893447303784826e-07,0.01025921691298131,0.22060181283790875,4.80000057240963,1.664623537999713
319,40165,0.8191780821917808,1175,3.6,0.26286009983956815,-0.00017093725926876192,-5.620423378942968e-07,0.006869747840395213,0.2162702523019983,3.6000002889907634,1.0973771166438873
320,40165,0.8191780821917808,1200,2.6500000000000004,0.2585866683578491,-0.00018498831771611934,2.8046804337499508e-06,0.010728498706131647,0.1618679308152598,2.6500008178999828,0.055249724502367537
321,40165,0.8191780821917808,1250,1.4,0.25109017774313686,-0.0001392934697985637,1.266824451684947e-05,0.012677407001867853,0.10801672582351317,1.3999999202531868,8.695395114420264e-06
322,40165,0.8191780821917808,1300,0.8999999999999999,0.2520431570762396,-0.000158940156340599,1.801377402305615e-05,0.0012086841408450464,0.08758560597222202,0.9000003569980528,3.617930592800942e-10
323,40165,0.8191780821917808,1325,0.625,0.2480696531677246,0.0002914041942358048,-2.71031530380396e-07,0.005461827751199017,3.036327318347921,0.6249992851863144,601.4186341318535
324,40165,0.8191780821917808,1350,0.625,0.25535475802361973,0.0002846284059762949,-2.3482087869645335e-06,-0.01970299189965987,1.6132032826624967,0.6250000531818616,311.1636934183671
325,40165,0.8191780821917808,1375,0.625,0.2624704681730271,0.00022592318630218155,3.933104284286503e-06,-0.013787085788447347,0.19007924697707243,0.6249991978452751,0.019336480251767874
326,40165,0.8191780821917808,1400,0.6,0.26811854783058164,0.00032425079340934413,-2.325797664642158e-06,-0.05306567453034627,0.18834567519464085,0.5999999819782262,0.011365994264762924
327,40165,0.8191780821917808,1425,0.625,0.27622481766581525,0.0002661058517932902,-2.428793460846103e-06,-0.030634506867246628,0.18661210341220927,0.624999867497853,0.006551074989955108
328,40165,0.8191780821917808,1450,0.625,0.2828774639606475,0.00020538601527213761,1.950912039757036e-06,-0.0910267120907758,0.1848785316297777,0.6250009602515059,0.0036999544246317934
329,40165,0.8191780821917808,1500,0.6,0.29436608474910253,0.0002489899531602857,4.350141892433257e-06,-0.11074566199199834,0.11796629208789554,0.5999999786647345,5.151362093603898e-09
330,40165,0.8191780821917808,1550,0.65,0.3095344210898876,0.00018011389861106842,2.73496753835678e-06,-0.12307575833063854,0.135296804527576,0.6500009798500868,1.5995075511516634e-07
331,40165,0.8191780821917808,1600,0.6,0.318540116020441,0.0003168622755289074,-2.5470335885524738e-05,-0.14198545227245638,0.08064467521035423,0.6000007871007504,1.0544824881438643e-22
332,40165,0.8191780821917808,1650,0.6749999999999999,0.3343832297968864,-0.0009566545187473296,3.385071282005309e-05,-0.13736050067344188,0.025992545893132463,0.6750000031931327,2.322194533059224e-227
333,40165,0.8191780821917808,1700,0.1,0.2865505038595199,0.0007358811222553246,-1.191408640909194e-05,-0.023707733078382753,0.0329186624427371,0.10000040754078454,9.152382423897493e-154
334,40165,0.8191780821917808,1800,0.575,0.3601386160850524,-0.0004555275186538693,1.9416424180984522e-05,-0.14220264844354016,0.039844778992341734,0.5750002660920686,4.364419154377702e-121
335,40165,0.8191780821917808,1900,0.075,0.31458586421966545,0.0014861148994445828,-2.8430225262165147e-05,-0.053893099899769994,0.05806846412578269,0.07500021590272621,3.759337606580129e-65
336,40165,0.8191780821917808,2000,0.5,0.39212179100871086,0.00016388300089359277,-7.933918767929083e-08,-0.11904728933685756,1.3478275304753808,0.5000002051383081,169.37867499009124
337,40347,1.3178082191780822,400,373.8,0.23073012014389038,0.0013525458024859426,-1.3214963398866353e-05,0.06647720937190153,0.1258673582550529,373.7999999577182,373.51396292802053
338,40347,1.3178082191780822,500,293.8,0.36598470039248465,3.104946259930741e-05,-1.5204270131662477e-06,-0.03728425692111502,0.33733954886261464,293.7999991307827,289.4245824494585
339,40347,1.3178082191780822,600,222.3,0.3690896466524154,-0.00012099323871731737,-4.791509873271593e-07,-0.03510403231246262,0.3605912122526307,222.2999994462965,220.16919211738917
340,40347,1.3178082191780822,650,189.9,0.3630399847165495,-0.00014495078808367533,-1.3715964485406575e-06,-0.0307327128272392,0.4164971304574305,189.90000056222868,205.43065640554659
341,40347,1.3178082191780822,700,160,0.35493519753202785,-0.0001765732691064481,-2.329594442545879e-07,-0.026690071394804015,0.35033451774512436,160.00000096329848,158.54008174716006
342,40347,1.3178082191780822,750,132.9,0.34610653407670544,-0.0001882212413191775,-4.0024714761974757e-07,-0.023886618092156343,0.3477240101935995,132.89999939019418,133.4473691330724
343,40347,1.3178082191780822,800,108.6,0.33669547201074657,-0.00020823359870016488,-1.8565439296067019e-06,-0.020967633639617882,0.46870964457318615,108.59999998237208,154.49503556996132
344,40347,1.3178082191780822,850,86.9,0.3262837920757383,-0.00030106079518049997,3.5940019500553696e-06,-0.015755149662838787,0.20626308034300944,86.90000020315307,45.10115669764781
345,40347,1.3178082191780822,900,66.5,0.3112307523167133,-0.0001213606976777315,-1.3207601553798076e-06,-0.0030121923305809987,0.3883580215622939,66.49999960415298,93.30398910914101
346,40347,1.3178082191780822,950,52,0.30516271743282675,-0.00018739870544672187,-7.675213354825246e-08,-0.007206868094385012,0.27431732523610713,52.000000733001116,42.125828875830166
347,40347,1.3178082191780822,1000,39,0.29579278216049065,-0.0001912363121241345,1.2957562569381407e-06,-0.004328832053159649,0.2159646689886374,39.00000000904251,17.32184987027003
348,40347,1.3178082191780822,1025,33.4,0.2910118743573873,-0.00015884240570068097,-6.707422415614511e-07,-0.0020362066329373592,0.28678527464612685,33.39999915870578,32.209375419896105
349,40347,1.3178082191780822,1050,28.6,0.28704081421487027,-0.00017561096173971725,1.0580135877728218e-06,-0.0013825411887703359,0.2116746398700978,28.59999923097439,11.17302873887769
350,40347,1.3178082191780822,1100,20.35,0.2782602661278844,-0.00012271028235107616,-8.212067021727613e-07,0.0027195243749520833,0.2877172998687421,20.34999930931241,22.55711284962173
351,40347,1.3178082191780822,1150,14.5,0.2721247520103306,-0.00016377061745971423,6.655298675000592e-07,0.0007344266786679746,0.19883636715137865,14.499999851902402,3.7156691140036173
352,40347,1.3178082191780822,1200,9.75,0.2639362211373449,-0.00013049412408471127,7.036138744354268e-07,0.0057200321013927535,0.19695503993214128,9.750000797350182,2.2380982636995412
353,40347,1.3178082191780822,1250,6.5,0.2574115149331093,-9.531343036293993e-05,-9.39967769265193e-07,0.006834761266743945,0.2721755876885668,6.499999497781737,8.41804908260378
354,40347,1.3178082191780822,1300,4.35,0.2526458434149623,-0.00014231181882619958,1.2974966951608935e-06,0.006829770655768384,0.1623337260132637,4.350000249464067,0.15907935722525401
355,40347,1.3178082191780822,1350,2.675,0.24553025247365234,-7.743698406815491e-05,-1.1910081017020308e-07,0.012401130364323575,0.21848234136544145,2.6750007722449105,1.2234747709057814
356,40347,1.3178082191780822,1400,1.7249999999999999,0.2416584032702446,-8.339202457666506e-05,2.3303037307262686e-06,0.0024231956418111532,0.13922316135264448,1.7250004522748519,0.004529769587775026
357,40347,1.3178082191780822,1450,1.075,0.23748880204141135,3.312316195964837e-05,2.9456082465648785e-06,0.013102296264453393,0.15444337304418904,1.0750006627664792,0.010017090928354122
358,40347,1.3178082191780822,1500,0.8,0.23914496013939376,0.00018040357428789232,-3.7773708257675452e-06,-0.006688195688719623,0.11770563050034202,0.7999995554812465,1.5348570137357345e-05
359,40347,1.3178082191780822,1550,0.775,0.24816513885378838,-8.464967000484936e-06,7.429000950336495e-06,-0.024841528170695116,0.080967887956495,0.7749993665991592,6.986038497279433e-13
360,40347,1.3178082191780822,1600,0.55,0.24774189050376413,0.0003629850805163398,-3.724513955354747e-06,-0.030320143201627833,0.1025557906845046,0.5500001158958554,8.43450780405441e-09
361,40347,1.3178082191780822,1700,0.75,0.27472911366701125,0.00017058082705736054,-1.022042544364887e-06,-0.0798079381531084,0.12414369341251422,0.7500009967195833,5.399320595145023e-07
362,40347,1.3178082191780822,1800,0.7,0.2892320900118351,0.0001560189619123936,-3.5100824296474527e-07,-0.08375691597805579,0.14573159614052383,0.6999994942884644,9.213621062982612e-06
363,40529,1.8164383561643835,400,377.1,0.2638776601594687,0.0008351598609700794,-7.932391414180396e-06,0.011226349505824997,0.16731949886853342,377.0999998769161,374.8716242357329
364,40529,1.8164383561643835,500,302.1,0.3473936462564766,4.192071955203991e-05,-1.1932052559480045e-06,-0.018439052431305926,0.3331533432138847,302.10000028935224,299.2205416205826
365,40529,1.8164383561643835,600,234.7,0.3515857182116806,-7.739980604276053e-05,-8.876056124567987e-07,-0.013857529607143971,0.3887691684577301,234.69999965831835,246.10965677311896
366,40529,1.8164383561643835,650,204.2,0.3477157279095426,-0.00012178008666560047,-4.739430835694282e-07,-0.011741663708446216,0.37692120680546454,204.20000013487834,214.20249103465432
367,40529,1.8164383561643835,700,175.8,0.34162672357626256,-0.00014547724084407188,-2.5106417405584814e-07,-0.009240119956902014,0.3620557616172175,175.79999922962833,183.3966508094345
368,40529,1.8164383561643835,800,125.80000000000001,0.3262403779767453,-0.00015494772814661273,-1.043070852757566e-07,-0.004944843785773842,0.33163671139218565,125.79999945139008,128.00492545151388
369,40529,1.8164383561643835,850,104.6,0.31842779964111734,-0.00017848342985808286,3.602468705175008e-07,-0.00319272095874815,0.29034045404523806,104.6000007977093,92.97176658602507
370,40529,1.8164383561643835,900,85.5,0.30972878244228663,-0.00016319253269210575,8.990674710276317e-08,-0.0007785278412268823,0.29256260672774015,85.49999911255429,78.47430828165801
371,40529,1.8164383561643835,950,69,0.30156915580768134,-0.0001586971953369676,2.637553661316355e-07,0.001617032665855463,0.27031977039154736,68.99999958080636,56.716587261665694
372,40529,1.8164383561643835,1000,54.849999999999994,0.29363429604083296,-0.00014550942703038582,-1.1819482862662984e-08,0.0039079696458375396,0.2755552568165453,54.84999938362344,48.1118646013104
373,40529,1.8164383561643835,1100,33.349999999999994,0.27961630293950435,-0.00013510330517292336,-5.922854322191638e-07,0.0072395722853218865,0.2969176434749567,33.35000021783583,38.98356576213027
374,40529,1.8164383561643835,1200,19.05,0.2667884015276284,-0.00011937737295627748,4.802834642529951e-07,0.010145344319431912,0.21201634598243915,19.049999789970386,7.753912049037311
375,40529,1.8164383561643835,1300,10.350000000000001,0.25605137289263313,-0.00010139423541426496,1.1714698945281655e-06,0.011692403837985171,0.17552616084605296,10.350000021703352,1.2698059339125347
376,40529,1.8164383561643835,1400,4.9,0.2428666816450655,0.00011230237237215168,-7.135677505731586e-06,0.016741400479465058,0.1784141322499617,4.900000202975427,0.6015928962925203
377,40529,1.8164383561643835,1500,2.425,0.2358100242069363,-6.323989570139465e-07,-1.2493723862170959e-06,0.01567014491481326,0.18130210365387042,2.424999842249626,0.2938559252504138
378,40529,1.8164383561643835,1600,1.275,0.23262335334569217,2.3111171874403703e-05,1.0222779803574082e-06,0.012229701383115098,0.18419007505777915,1.2749998730103602,0.14859471763579135
379,40529,1.8164383561643835,1700,0.8,0.23493447053313254,0.00012533896991014453,8.381521332265213e-08,0.00633765756450186,0.47162150295506344,0.7999990713612064,37.068530466640496
380,40529,1.8164383561643835,1800,0.75,0.247468367524147,0.00013372049124240975,-8.118071436883637e-08,-0.008699516505549476,1.5949460948503489,0.7499990551059303,452.90567335306304
